type,ip_addr,country_code,classification,blacklist
ip,165.154.231.149,JP,suspicious,Mail Spammer|Abuseat.org|2024-04-04 09:10:27|2024-04-04 09:10:27
ip,113.30.150.23,IT,malicious,Mail Spammer|Blocklist.de|2023-08-12 03:10:06|2023-08-13 03:06:50;IMAP Attacker|Blocklist.de|2023-08-12 03:02:57|2023-08-13 02:59:05;DDoS attack|Maltiverse|2023-07-14 19:49:21|2023-07-14 19:49:21;SSH Attacker|Maltiverse|2023-07-13 21:00:40|2023-07-14 02:15:02;Bruteforce|Maltiverse|2023-07-13 18:39:05|2023-07-14 22:23:24;HTTP Scrapper|Maltiverse|2023-07-13 18:39:05|2023-07-13 18:39:05;HTTP Attacker|Maltiverse|2023-07-13 17:30:16|2023-07-14 21:10:16;Hacking|Maltiverse|2023-07-13 16:56:32|2023-07-15 01:31:40;Malicious Host|Maltiverse|2023-07-13 16:56:32|2023-07-13 16:56:32;Port Scanner|Maltiverse|2023-07-13 15:04:14|2023-07-15 01:28:26;Malicious URL|Hybrid-Analysis|2023-10-20 02:00:04|2023-10-20 02:00:04;Malicious Host|CIArmy|2023-07-15 08:02:16|2024-04-17 01:40:25;Malicious Host|HoneyDB|2023-08-17 00:00:00|2024-04-16 00:00:00
ip,162.142.125.93,US,suspicious,Malicious Host|Alienvault Ip Reputation Database|2020-10-17 06:37:01|2020-12-15 06:31:44;Unauthorized scanning of hosts|Blocklist.net.ua|2020-10-17 01:39:44|2023-07-17 06:37:14;Malicious Host|HoneyDB|2023-10-08 00:00:00|2024-01-01 00:00:00;Malicious Host|CIArmy|2020-10-17 03:09:27|2024-04-17 01:52:12
ip,91.148.190.150,BG,malicious,DDoS attack|Maltiverse|2023-05-25 17:24:35|2023-05-25 17:24:35;Port Scanner|Maltiverse|2023-05-25 07:09:50|2023-05-27 04:37:44;Hacking|Maltiverse|2023-05-25 07:09:49|2023-05-27 04:37:44;Bruteforce|Maltiverse|2023-05-25 07:09:49|2023-05-25 13:50:15;HTTP Scrapper|Maltiverse|2023-05-25 07:09:49|2023-05-25 07:09:49;HTTP Attacker|Maltiverse|2023-05-25 07:09:49|2023-05-25 07:09:49;ET CINS Active Threat Intelligence Poor Reputation IP TCP|Emerging Threats|2023-05-27 10:46:32|2024-04-16 19:43:03;ET CINS Active Threat Intelligence Poor Reputation IP UDP|Emerging Threats|2023-05-27 10:46:37|2024-04-16 19:43:15;Malicious Host|CIArmy|2023-05-27 07:23:21|2024-04-17 01:32:49
ip,3.10.209.80,GB,suspicious,ET CINS Active Threat Intelligence Poor Reputation IP TCP|Emerging Threats|2024-04-09 19:00:30|2024-04-14 18:45:28;Malicious Host|CIArmy|2024-04-07 11:45:07|2024-04-16 11:35:59;ET CINS Active Threat Intelligence Poor Reputation IP UDP|Emerging Threats|2024-04-09 19:00:43|2024-04-16 19:05:28;Malicious Host|HoneyDB|2023-04-13 00:00:00|2024-04-17 00:00:00
ip,185.167.96.146,NL,malicious,IMAP Attacker|Blocklist.de|2022-07-14 01:06:01|2022-10-18 01:58:20;Mail Spammer|Blocklist.de|2020-10-14 03:19:21|2022-07-14 01:08:20;Unauthorized scanning of hosts|Blocklist.net.ua|2020-10-14 03:45:50|2022-09-13 03:41:56;Malicious Host|Alienvault Ip Reputation Database|2020-10-16 06:35:31|2020-11-12 06:30:07;Malicious Host|HoneyDB|2020-10-14 00:00:00|2024-04-11 00:00:00;Malicious Host|CIArmy|2020-10-14 03:55:31|2024-04-17 02:01:37
ip,78.188.39.194,TR,suspicious,Malicious Host|Alienvault Ip Reputation Database|2020-01-24 00:08:26|2020-12-15 06:30:19;Unauthorized scanning of hosts|Blocklist.net.ua|2021-03-03 10:18:38|2021-04-01 11:31:07;Mail Spammer|Barracuda|2022-12-28 06:33:28|2022-12-28 06:33:28;Mail Spammer|Abuseat.org|2022-12-28 06:33:28|2022-12-28 06:33:28;Malicious Host|CIArmy|2020-01-21 01:04:34|2024-01-08 08:28:36;ET CINS Active Threat Intelligence Poor Reputation IP TCP|Emerging Threats|2020-01-23 01:54:54|2024-01-08 14:00:23;ET CINS Active Threat Intelligence Poor Reputation IP UDP|Emerging Threats|2020-01-23 01:54:55|2024-01-08 14:00:32
ip,52.56.251.177,GB,suspicious,Mail Spammer|Abuseat.org|2024-04-08 11:49:47|2024-04-08 11:49:47;ET CINS Active Threat Intelligence Poor Reputation IP TCP|Emerging Threats|2024-04-09 19:26:29|2024-04-16 19:31:40;ET CINS Active Threat Intelligence Poor Reputation IP UDP|Emerging Threats|2024-04-09 19:26:41|2024-04-16 19:31:52;Malicious Host|CIArmy|2024-04-08 11:49:45|2024-04-17 01:26:50
ip,205.210.31.238,CA,malicious,Malicious URL|Hybrid-Analysis|2023-07-07 20:45:05|2023-07-07 20:45:05;SSH Attacker|Blocklist.de|2023-04-21 05:05:07|2024-03-08 03:36:41;Malicious Host|HoneyDB|2023-04-15 00:00:00|2024-03-27 00:00:00
ip,193.163.125.231,GB,suspicious,Unauthorized scanning of hosts|Blocklist.net.ua|2022-07-20 03:37:19|2022-09-13 03:51:42;HTTP Attacker|Blocklist.de|2021-12-04 04:36:34|2021-12-05 04:36:55;Malicious Host|CIArmy|2021-07-04 02:52:35|2022-10-20 02:59:34
ip,107.173.156.241,US,malicious,Brute force passwords using SSH on server PS4|Blocklist.net.ua|2024-03-18 07:48:13|2024-03-18 07:48:13;Mail Spammer|Abuseat.org|2024-03-18 07:48:15|2024-03-18 07:48:15;Malicious Host|CIArmy|2024-03-18 12:07:04|2024-04-17 01:38:20
ip,185.114.175.11,ES,malicious,IMAP Attacker|Maltiverse|2023-02-15 12:06:06|2023-02-15 13:51:20;FTP Attacker|Maltiverse|2023-02-15 11:26:22|2023-02-15 11:26:22;DDoS attack|Maltiverse|2023-02-15 11:06:21|2023-02-15 13:42:50;Mail Spammer|Maltiverse|2023-02-15 10:59:37|2023-02-15 13:51:20;SSH Attacker|Maltiverse|2023-02-15 10:51:03|2023-02-15 14:50:32;HTTP Scrapper|Maltiverse|2023-02-15 10:40:15|2023-02-15 10:40:15;HTTP Attacker|Maltiverse|2023-02-15 10:40:15|2023-02-15 12:06:06;Hacking|Maltiverse|2023-02-15 10:22:56|2023-02-15 13:21:12;Malicious Host|Maltiverse|2023-02-15 10:22:56|2023-02-15 10:22:56;Bruteforce|Maltiverse|2023-02-15 10:19:16|2023-02-15 15:01:19;Port Scanner|Maltiverse|2023-02-14 10:02:59|2023-02-15 15:02:20;SSH Attacker|Blocklist.de|2023-02-16 02:22:48|2023-12-24 03:18:50;Malicious Host|CIArmy|2023-03-20 08:12:58|2024-04-17 02:01:28;Malicious Host|HoneyDB|2023-03-20 00:00:00|2024-04-17 00:00:00
ip,167.94.138.106,US,suspicious,Malicious URL|Hybrid-Analysis|2023-09-08 19:00:03|2023-09-08 19:00:03;Unauthorized scanning of hosts|Blocklist.net.ua|2022-09-13 03:32:36|2023-09-03 05:57:06;Malicious Host|HoneyDB|2023-01-02 00:00:00|2023-12-04 00:00:00;Malicious Host|CIArmy|2022-04-27 03:53:51|2024-04-17 01:56:41
ip,162.142.125.136,US,suspicious,Malicious Host|HoneyDB|2022-12-18 00:00:00|2023-09-18 00:00:00;Unauthorized scanning of hosts|Blocklist.net.ua|2022-07-20 03:18:44|2023-07-17 06:37:21;Malicious Host|CIArmy|2022-02-17 01:46:48|2024-04-17 01:52:00
ip,71.94.78.154,US,neutral,DNS Server|Public-dns.info|2023-03-14 11:56:54|2024-04-16 17:07:30
ip,167.94.146.19,US,suspicious,Unauthorized scanning of hosts|Blocklist.net.ua|2022-09-13 03:32:39|2022-09-13 03:32:39;HTTP Attacker|Blocklist.de|2021-11-24 00:36:49|2021-12-03 04:40:17;Malicious Host|CIArmy|2021-11-16 05:40:22|2024-04-17 01:57:03
ip,162.142.125.85,US,suspicious,Malicious Host|Alienvault Ip Reputation Database|2020-10-17 06:37:11|2020-12-15 06:31:50;Unauthorized scanning of hosts|Blocklist.net.ua|2020-10-17 01:39:44|2023-07-17 06:37:13;Malicious Host|CIArmy|2020-10-17 03:09:26|2024-04-17 01:52:10;Malicious Host|HoneyDB|2023-09-18 00:00:00|2024-04-16 00:00:00
ip,198.235.24.170,CA,malicious,Unauthorized scanning of hosts|Blocklist.net.ua|2022-09-13 03:55:51|2022-09-13 03:55:51;Bruteforce login attacker|Blocklist.de|2022-09-07 01:56:00|2022-09-30 02:01:24;HTTP Attacker|Blocklist.de|2022-09-07 01:49:23|2022-09-30 01:53:39;FTP Attacker|Maltiverse|2022-09-04 16:22:07|2022-09-04 16:22:07;SQL Injection|Maltiverse|2022-09-01 16:08:25|2022-09-01 16:08:25;DDoS attack|Maltiverse|2022-08-27 23:42:09|2022-08-27 23:42:09;SIP Attacker|Maltiverse|2022-08-25 15:05:32|2022-08-27 15:34:58;SSH Attacker|Maltiverse|2022-08-23 20:35:51|2022-09-03 05:57:08;HTTP Attacker|Maltiverse|2022-08-23 15:47:47|2022-09-04 03:30:07;IMAP Attacker|Maltiverse|2022-08-20 23:29:26|2022-09-03 21:07:15;Bruteforce|Maltiverse|2022-08-19 14:06:27|2022-09-03 21:07:15;Malicious Host|Maltiverse|2022-08-19 03:34:06|2022-09-02 12:38:40;Port Scanner|Maltiverse|2022-08-19 00:05:00|2022-09-04 18:15:51;Hacking|Maltiverse|2022-08-19 00:05:00|2022-09-04 16:22:07;Mail Spammer|Abuseat.org|2023-01-03 06:47:12|2023-01-03 06:47:12;SSH Attacker|Blocklist.de|2022-10-06 01:58:15|2023-11-25 03:35:19;Malicious Host|HoneyDB|2022-12-19 00:00:00|2024-04-12 00:00:00
ip,199.45.154.190,US,suspicious,Mail Spammer|Abuseat.org|2024-03-27 12:28:57|2024-03-27 12:28:57;Malicious Host|CIArmy|2024-03-27 12:28:56|2024-04-17 02:08:48;Malicious Host|HoneyDB|2024-04-16 00:00:00|2024-04-16 00:00:00
ip,185.142.236.38,NL,malicious,HTTP Attacker|Blocklist.de|2021-11-24 00:37:27|2021-11-25 04:45:53;Malicious Host|HoneyDB|2021-04-09 00:00:00|2023-05-08 00:00:00;Unauthorized scanning of hosts|Blocklist.net.ua|2021-04-07 10:40:34|2022-09-13 03:41:46;Malicious Host|CIArmy|2021-04-07 11:13:24|2024-04-17 02:01:32
ip,154.212.141.198,HK,malicious,Malicious Host|CIArmy|2024-04-05 12:24:23|2024-04-17 01:50:39
ip,94.156.248.22,GB,malicious,Mail Spammer|Abuseat.org|2024-04-05 12:06:44|2024-04-05 12:06:44;ET CINS Active Threat Intelligence Poor Reputation IP TCP|Emerging Threats|2024-04-05 20:19:20|2024-04-16 19:43:49;ET CINS Active Threat Intelligence Poor Reputation IP UDP|Emerging Threats|2024-04-05 20:19:34|2024-04-16 19:44:01;Malicious Host|CIArmy|2024-04-05 12:06:42|2024-04-17 01:33:11
ip,167.94.138.139,US,suspicious,Unauthorized scanning of hosts|Blocklist.net.ua|2022-09-13 03:32:37|2022-09-13 03:32:37;Malicious Host|CIArmy|2022-04-27 03:53:55|2024-04-17 01:56:45;Malicious Host|HoneyDB|2023-04-24 00:00:00|2024-04-16 00:00:00
ip,193.163.125.230,DK,suspicious,Unauthorized scanning of hosts|Blocklist.net.ua|2022-09-13 03:51:42|2022-09-13 03:51:42;HTTP Attacker|Blocklist.de|2021-12-03 04:43:14|2021-12-03 04:43:14;Malicious Host|CIArmy|2021-07-04 02:52:35|2022-08-25 02:49:22
ip,140.143.204.220,CN,malicious,Brute force passwords using SSH on server S16|Blocklist.net.ua|2023-09-14 05:43:42|2023-09-14 05:43:42;Brute force passwords using SSH on server PS4|Blocklist.net.ua|2023-08-11 06:25:37|2023-09-11 05:54:32;Brute force passwords using SSH on server S1-DE|Blocklist.net.ua|2023-08-01 05:59:55|2023-08-01 05:59:55;Brute force passwords using SSH on server RS2|Blocklist.net.ua|2023-07-10 06:35:54|2023-08-08 05:44:13;Mail Spammer|Abuseat.org|2023-07-10 06:35:55|2023-07-10 06:35:55;Brute force passwords using SSH on server PS2|Blocklist.net.ua|2023-09-28 06:47:33|2023-10-08 05:58:56;Brute force passwords using SSH on server PS1|Blocklist.net.ua|2023-07-16 06:29:26|2023-11-07 06:00:56;Malicious Host|HoneyDB|2023-11-19 00:00:00|2024-02-01 00:00:00;SSH Attacker|Blocklist.de|2023-11-01 03:32:29|2024-04-10 04:06:23;Malicious Host|CIArmy|2023-08-24 18:26:12|2024-04-17 01:48:06
ip,181.102.52.254,AR,malicious,Mail Spammer|Abuseat.org|2024-03-23 06:03:16|2024-03-23 06:03:16;Malicious Host|HoneyDB|2024-03-31 00:00:00|2024-03-31 00:00:00
ip,205.210.31.170,CA,malicious,Bruteforce login attacker|Blocklist.de|2022-09-10 02:00:25|2022-10-21 01:10:14;HTTP Attacker|Blocklist.de|2022-09-10 01:50:38|2022-10-21 01:01:57;IMAP Attacker|Maltiverse|2022-08-26 21:12:44|2022-08-27 21:07:27;HTTP Attacker|Maltiverse|2022-08-20 10:21:58|2022-08-26 22:55:22;Malicious Host|Maltiverse|2022-08-19 16:51:01|2022-08-27 07:24:45;Bruteforce|Maltiverse|2022-08-19 13:40:03|2022-08-29 02:06:30;SSH Attacker|Maltiverse|2022-08-19 13:40:03|2022-08-26 18:28:08;Hacking|Maltiverse|2022-08-19 00:04:14|2022-08-29 02:06:30;Port Scanner|Maltiverse|2022-08-19 00:01:56|2022-08-29 00:11:11;Unauthorized scanning of hosts|Blocklist.net.ua|2022-08-29 03:26:57|2023-04-21 07:41:38;Mail Spammer|Abuseat.org|2022-12-28 05:40:47|2022-12-28 18:05:43;SSH Attacker|Blocklist.de|2023-07-13 04:11:10|2024-03-03 03:42:11;Malicious Host|HoneyDB|2023-01-03 00:00:00|2024-03-31 00:00:00
ip,174.138.42.16,US,malicious,HTTP Spammer|StopForumSpam.com|2017-10-15 19:12:56|2017-10-15 19:12:56;Malicious Host|CIArmy|2024-04-15 12:04:43|2024-04-17 01:58:25
ip,193.3.53.8,DK,malicious,HTTP Attacker|Blocklist.de|2021-11-20 00:20:52|2021-11-20 00:20:52;Unauthorized scanning of hosts|Blocklist.net.ua|2021-05-16 21:58:46|2022-09-13 03:51:03;Malicious Host|CIArmy|2021-05-16 22:21:59|2024-04-17 02:06:41
ip,36.110.228.254,CN,malicious,SIP Attacker|Blocklist.de|2023-08-12 03:40:07|2023-08-13 03:37:28;Brute force passwords using SSH on server S13|Blocklist.net.ua|2023-06-22 05:35:27|2023-06-22 05:35:27;Brute force passwords using SSH on server S8|Blocklist.net.ua|2023-06-14 04:15:46|2023-06-14 04:15:46;Brute force passwords using SSH on server S21|Blocklist.net.ua|2023-05-14 04:46:22|2023-09-28 04:53:47;Brute force passwords using SSH on server S9|Blocklist.net.ua|2023-05-05 05:21:35|2023-05-05 05:21:35;Brute force passwords using SSH on server S11|Blocklist.net.ua|2023-02-21 03:00:25|2023-06-13 04:09:54;Brute force passwords using SSH on server S24|Blocklist.net.ua|2023-02-14 03:00:36|2023-02-20 02:59:54;Brute force passwords using SSH on server RS1|Blocklist.net.ua|2023-01-07 03:10:25|2023-01-07 03:10:25;Brute force passwords using SSH on server S6|Blocklist.net.ua|2022-12-31 03:00:30|2023-01-06 03:09:42;Anonymizer|FireHol|2022-12-29 05:17:01|2022-12-29 16:40:35;Brute force passwords using SSH on server S12|Blocklist.net.ua|2022-12-29 03:00:44|2022-12-29 03:00:44;Brute force passwords using SSH on server PS1|Blocklist.net.ua|2022-11-24 02:06:08|2022-12-30 03:03:20;Brute force passwords using SSH on server S1-RU|Blocklist.net.ua|2022-07-14 01:40:35|2022-09-15 02:37:26;Brute force passwords using SSH on server S1-US|Blocklist.net.ua|2022-03-10 01:09:54|2022-09-08 02:32:30;Bruteforce login attacker|Blocklist.de|2021-12-14 05:06:08|2023-01-26 02:17:32;HTTP Attacker|Blocklist.de|2021-11-19 00:57:18|2023-01-26 01:56:06;ET COMPROMISED Known Compromised or Hostile Host Traffic UDP|Emerging Threats|2021-11-16 05:59:05|2022-05-02 03:34:11;ET COMPROMISED Known Compromised or Hostile Host Traffic TCP|Emerging Threats|2021-11-16 05:59:01|2022-05-02 03:34:10;SSH Attacker|Blocklist.net.ua|2020-10-06 03:36:13|2021-12-19 14:56:02;SSH Attacker|Telefonica CO SOC|2020-12-06 05:58:15|2020-12-06 10:58:18;Mail Spammer|Barracuda|2022-12-28 08:53:54|2022-12-28 08:53:54;Brute force passwords using SSH on server S22|Blocklist.net.ua|2023-04-04 06:00:15|2023-10-29 03:55:20;Brute force passwords using SSH on server PS2|Blocklist.net.ua|2023-01-08 03:08:14|2023-10-30 04:05:27;Brute force passwords using SSH on server RELAY|Blocklist.net.ua|2023-06-23 05:43:48|2023-11-07 04:05:03;Brute force passwords using SSH on server S25|Blocklist.net.ua|2023-11-08 04:03:36|2023-12-07 04:01:28;Brute force passwords using SSH on server S14|Blocklist.net.ua|2023-12-08 03:58:56|2023-12-08 03:58:56;Brute force passwords using SSH on server RS2|Blocklist.net.ua|2023-04-03 05:47:26|2023-12-19 04:19:28;Malicious host|Darklist|2022-07-23 02:50:26|2024-02-14 11:21:16;Brute force passwords using SSH on server S23|Blocklist.net.ua|2023-09-21 04:09:34|2024-03-02 04:07:04;Brute force passwords using SSH on server S17|Blocklist.net.ua|2023-03-26 06:04:14|2024-03-09 04:33:21;Brute force passwords using SSH on server PS4|Blocklist.net.ua|2023-03-25 06:17:47|2024-03-15 05:24:14;Malicious Host|HoneyDB|2020-10-11 00:00:00|2024-04-11 00:00:00;Brute force passwords using SSH on server S15|Blocklist.net.ua|2023-05-04 05:07:27|2024-04-14 04:57:59;Proxy|FireHOL|2022-12-31 16:47:37|2024-04-15 04:35:57;Brute force passwords using SSH on server S1-DE|Blocklist.net.ua|2022-04-08 01:27:52|2024-04-15 04:54:47;Brute force passwords using SSH on server S18|Blocklist.net.ua|2023-02-07 03:08:20|2024-04-16 05:19:23;Known attacker|Blocklist.de|2022-03-17 00:44:19|2024-04-18 02:54:51;SSH Attacker|Blocklist.de|2020-09-14 03:28:46|2024-04-18 04:19:45;Brute force passwords using SSH on server PS3|Blocklist.net.ua|2023-06-15 04:17:17|2024-04-18 05:13:28
ip,66.240.236.109,US,malicious,DNS Poisoning|Maltiverse|2022-12-09 00:45:05|2022-12-26 02:10:53;DNS Compromise|Maltiverse|2022-12-07 05:24:34|2022-12-07 05:24:34;Phishing|Maltiverse|2022-11-10 01:06:59|2022-12-07 01:11:49;VPN|Maltiverse|2022-10-19 06:19:12|2022-12-27 07:03:47;SQL Injection|Maltiverse|2022-10-06 01:04:32|2022-11-09 04:33:42;Mail Spammer|Maltiverse|2022-10-04 17:18:00|2022-12-28 02:00:10;IoT Attacker|Maltiverse|2022-10-03 10:20:36|2022-12-05 23:31:23;FTP Attacker|Maltiverse|2022-10-03 01:06:25|2022-12-26 02:10:53;HTTP Scrapper|Maltiverse|2022-10-03 00:05:34|2022-12-27 23:00:00;DDoS attack|Maltiverse|2022-10-02 05:14:48|2022-12-27 20:20:39;IMAP Attacker|Maltiverse|2022-10-01 21:11:57|2022-12-27 21:12:47;HTTP Attacker|Maltiverse|2022-10-01 04:33:24|2022-12-27 23:50:42;SSH Attacker|Maltiverse|2022-10-01 01:00:39|2022-12-26 22:37:33;Bruteforce|Maltiverse|2022-10-01 00:40:08|2022-12-28 00:50:18;Malicious Host|Maltiverse|2022-09-30 18:01:07|2022-12-27 12:38:25;Hacking|Maltiverse|2022-09-29 02:55:18|2022-12-27 21:29:27;Port Scanner|Maltiverse|2022-09-29 01:56:02|2022-12-28 02:18:16;Unauthorized scanning of hosts|Blocklist.net.ua|2022-07-14 01:55:24|2022-09-13 02:45:48;HTTP Attacker|Blocklist.de|2021-12-04 04:38:37|2022-01-03 00:30:00;Mail Spammer|Abuseat.org|2022-12-28 02:39:24|2022-12-28 18:43:11;SSH Attacker|Blocklist.de|2021-12-08 02:14:20|2024-03-13 04:55:43;ET CINS Active Threat Intelligence Poor Reputation IP TCP|Emerging Threats|2022-02-22 00:37:09|2024-04-16 19:38:14;ET CINS Active Threat Intelligence Poor Reputation IP UDP|Emerging Threats|2022-02-22 00:37:12|2024-04-16 19:38:26;Malicious Host|CIArmy|2021-12-22 02:01:59|2024-04-17 01:29:56;Malicious Host|HoneyDB|2022-01-10 00:00:00|2024-04-16 00:00:00
ip,172.104.76.217,JP,malicious,HTTP flood requests to the websites|Blocklist.net.ua|2019-02-09 07:46:07|2019-06-11 01:05:20;Scanning IPs|IBM X-Force Exchange|2018-09-12 12:46:00|2020-03-29 06:52:00;DDoS attack|Blocklist.net.ua|2020-04-04 00:30:48|2020-07-04 09:06:43;Malicious Host|Alienvault Ip Reputation Database|2018-09-13 06:42:15|2020-12-15 06:37:04;Unauthorized scanning of hosts|Blocklist.net.ua|2020-07-05 02:40:14|2022-09-13 03:34:18;Malicious Host|CIArmy|2018-09-13 07:10:58|2024-04-17 01:58:01
ip,45.227.253.130,,malicious,IMAP Attacker|Blocklist.de|2019-09-28 00:38:56|2019-10-03 07:05:54;Known attacker|Blocklist.de|2019-10-01 00:41:18|2019-11-14 07:05:24;Mail Spammer|Blocklist.de|2019-09-28 00:41:38|2019-11-14 07:07:34;ET CINS Active Threat Intelligence Poor Reputation IP TCP|Emerging Threats|2024-03-16 14:01:20|2024-04-16 19:20:32;ET CINS Active Threat Intelligence Poor Reputation IP UDP|Emerging Threats|2024-03-16 14:01:32|2024-04-16 19:20:44;Malicious Host|CIArmy|2024-03-13 09:45:04|2024-04-17 01:21:28
ip,206.168.34.165,US,suspicious,Mail Spammer|Abuseat.org|2024-03-29 12:42:43|2024-03-29 12:42:43;Malicious Host|CIArmy|2024-03-29 12:42:42|2024-04-17 02:10:00;Malicious Host|HoneyDB|2024-03-31 00:00:00|2024-04-16 00:00:00
ip,206.168.34.167,US,suspicious,Mail Spammer|Abuseat.org|2024-03-29 12:42:43|2024-03-29 12:42:43;Malicious Host|CIArmy|2024-03-29 12:42:42|2024-04-17 02:10:01
ip,185.191.126.213,NL,malicious,Mail Spammer|Abuseat.org|2024-03-03 09:08:50|2024-03-03 09:08:50;Brute force passwords using SSH on server PS1|Blocklist.net.ua|2024-03-06 07:28:13|2024-03-08 07:37:57;Brute force passwords using SSH on server PS4|Blocklist.net.ua|2024-03-10 07:45:22|2024-03-15 10:15:04;Brute force passwords using SSH on server RELAY|Blocklist.net.ua|2024-03-18 10:16:25|2024-03-19 10:28:20;SSH Attacker|Blocklist.de|2024-03-06 03:32:52|2024-03-20 04:21:51;ET COMPROMISED Known Compromised or Hostile Host Traffic TCP|Emerging Threats|2024-03-12 15:20:39|2024-04-09 19:41:39;ET COMPROMISED Known Compromised or Hostile Host Traffic UDP|Emerging Threats|2024-03-12 15:20:44|2024-04-09 19:41:47;Malicious Host|CIArmy|2024-03-03 09:08:48|2024-04-17 02:02:06;Malicious Host|HoneyDB|2024-03-27 00:00:00|2024-04-16 00:00:00
ip,43.133.5.165,JP,malicious,SSH Attacker|Blocklist.de|2023-09-12 03:47:45|2023-09-13 03:26:21;Hacking|Maltiverse|2023-05-24 10:57:50|2023-05-27 06:25:49;Bruteforce|Maltiverse|2023-05-24 10:57:50|2023-05-26 17:26:50;HTTP Scrapper|Maltiverse|2023-05-24 10:57:50|2023-05-24 10:57:50;HTTP Attacker|Maltiverse|2023-05-24 10:57:50|2023-05-27 00:30:49;Port Scanner|Maltiverse|2023-05-24 09:43:57|2023-05-27 07:04:25;Malicious Host|Maltiverse|2023-05-24 09:43:57|2023-05-27 06:25:49;Malicious Host|HoneyDB|2023-07-27 00:00:00|2024-03-27 00:00:00;ET CINS Active Threat Intelligence Poor Reputation IP TCP|Emerging Threats|2023-05-27 10:37:36|2024-04-16 19:18:37;ET CINS Active Threat Intelligence Poor Reputation IP UDP|Emerging Threats|2023-05-27 10:37:41|2024-04-16 19:18:49;Malicious Host|CIArmy|2023-05-27 07:18:40|2024-04-17 01:20:30
ip,198.235.24.162,CA,malicious,Unauthorized scanning of hosts|Blocklist.net.ua|2022-09-13 03:55:50|2022-09-13 03:55:50;SSH Attacker|Maltiverse|2022-08-23 13:24:15|2022-08-23 13:24:15;HTTP Attacker|Maltiverse|2022-08-19 22:50:34|2022-08-23 09:30:26;HTTP Scrapper|Maltiverse|2022-08-19 21:45:07|2022-08-19 21:45:07;Malicious Host|Maltiverse|2022-08-19 15:28:48|2022-08-23 06:11:34;Bruteforce|Maltiverse|2022-08-19 07:00:11|2022-08-23 16:10:52;Port Scanner|Maltiverse|2022-08-19 00:03:27|2022-08-23 21:58:16;Hacking|Maltiverse|2022-08-19 00:03:27|2022-08-23 21:54:35;Mail Spammer|Abuseat.org|2023-01-03 06:40:21|2023-01-03 06:40:21;SSH Attacker|Blocklist.de|2023-01-10 02:45:49|2024-01-29 03:31:51;IMAP Attacker|Blocklist.de|2024-03-11 02:35:32|2024-03-13 02:44:17;Mail Spammer|Blocklist.de|2024-03-11 02:49:47|2024-03-13 03:00:06;Malicious Host|HoneyDB|2022-12-19 00:00:00|2024-03-31 00:00:00
ip,185.167.97.244,NL,malicious,IMAP Attacker|Blocklist.de|2022-06-27 01:02:15|2022-06-28 02:34:58;HTTP Attacker|Blocklist.de|2022-01-02 00:56:13|2022-01-03 00:29:05;Mail Spammer|Blocklist.de|2020-10-15 09:50:55|2023-09-19 03:01:23;Unauthorized scanning of hosts|Blocklist.net.ua|2020-10-14 03:45:51|2023-09-03 06:21:11;Malicious Host|HoneyDB|2020-10-13 00:00:00|2024-02-17 00:00:00;Malicious Host|CIArmy|2020-10-14 03:55:32|2024-04-17 02:01:38
ip,198.235.24.228,CA,malicious,SSH Attacker|Maltiverse|2023-04-19 05:46:51|2023-04-19 23:33:35;Mail Spammer|Maltiverse|2023-04-18 03:29:16|2023-04-19 22:58:13;IMAP Attacker|Maltiverse|2023-04-18 03:29:16|2023-04-18 03:29:16;Bruteforce|Maltiverse|2023-04-18 03:29:16|2023-04-19 12:20:39;Malicious Host|Maltiverse|2023-04-17 22:19:24|2023-04-19 23:23:56;HTTP Attacker|Maltiverse|2023-04-15 16:30:39|2023-04-20 03:23:53;Port Scanner|Maltiverse|2023-04-15 00:03:23|2023-04-20 04:45:34;Hacking|Maltiverse|2023-04-15 00:03:23|2023-04-20 04:27:31;SSH Attacker|Blocklist.de|2023-04-20 05:00:45|2023-12-28 03:25:10;Malicious Host|HoneyDB|2023-04-23 00:00:00|2024-04-16 00:00:00
ip,104.206.128.10,US,malicious,Telnet attacker|Greynoise|2019-06-28 00:00:00|2019-07-08 00:00:00;SNMP Attacker|Nothink.org|2019-08-08 02:21:49|2019-08-08 02:21:49;SSH Attacker|Blocklist.de|2019-10-18 07:21:30|2020-01-08 07:15:23;FTP Attacker|Blocklist.de|2020-01-26 00:20:34|2020-01-27 06:47:34;SIP Attacker|Blocklist.de|2020-02-02 00:33:40|2020-02-03 06:57:00;Spam|IBM X-Force Exchange|2014-11-18 17:25:00|2015-02-23 17:42:00;Scanning IPs|IBM X-Force Exchange|2019-06-10 08:08:00|2020-03-29 06:52:00;Mail Spammer|Abuseat.org|2020-04-04 01:44:48|2020-04-04 01:44:48;DDoS attack|Blocklist.net.ua|2019-10-05 00:43:31|2020-09-19 10:01:47;Malicious Host|Alienvault Ip Reputation Database|2019-06-14 00:26:02|2020-12-15 06:37:09;Mail Spammer|Blocklist.de|2021-01-27 09:35:31|2021-03-22 09:13:18;Malicious Host|HoneyDB|2019-07-12 00:00:00|2021-04-30 00:00:00;Unauthorized scanning of hosts|Blocklist.net.ua|2020-09-21 05:12:04|2021-05-25 06:30:56;ET CINS Active Threat Intelligence Poor Reputation IP TCP|Emerging Threats|2020-02-15 01:50:52|2024-03-03 14:10:14;ET CINS Active Threat Intelligence Poor Reputation IP UDP|Emerging Threats|2020-02-15 01:50:53|2024-03-03 14:10:21;HTTP Attacker|Blocklist.de|2021-11-24 00:35:21|2024-03-14 02:00:53;Bruteforce login attacker|Blocklist.de|2024-03-13 02:35:26|2024-03-14 02:47:29;Malicious Host|CIArmy|2019-06-13 07:28:37|2024-04-17 01:36:07
ip,211.145.38.32,CN,malicious,Malicious Host|GreenSnow|2018-03-31 07:42:39|2018-03-31 07:42:39;Malicious Host|HoneyDB|2019-09-07 00:00:00|2024-02-17 00:00:00;Malicious Host|CIArmy|2022-09-13 04:22:48|2024-04-17 02:10:43
ip,167.94.146.55,DE,suspicious,Mail Spammer|Abuseat.org|2023-07-29 04:14:24|2023-07-29 04:14:24;HTTP Spammer|StopForumSpam.com|2023-10-02 07:17:34|2023-12-16 05:29:39;Malicious Host|CIArmy|2023-08-22 19:29:50|2024-04-17 01:57:06;Malicious Host|HoneyDB|2023-08-17 00:00:00|2024-04-16 00:00:00;SSH Attacker|Blocklist.de|2023-07-29 04:14:23|2024-04-18 04:04:38
ip,173.249.31.135,DE,malicious,Mail Spammer|Abuseat.org|2024-03-20 12:44:11|2024-03-20 12:44:11;Brute force passwords using SSH on server S19|Blocklist.net.ua|2024-03-24 09:36:10|2024-03-24 09:36:10;SSH Attacker|Blocklist.de|2024-04-15 03:57:18|2024-04-16 04:11:04;Malicious Host|CIArmy|2024-03-20 12:44:08|2024-04-17 01:58:17
ip,180.149.125.205,MN,malicious,Unauthorized scanning of hosts|Blocklist.net.ua|2022-12-28 05:06:01|2022-12-31 05:08:27;Bruteforce|Maltiverse|2022-12-09 13:00:22|2022-12-09 13:00:22;SSH Attacker|Maltiverse|2022-12-09 13:00:22|2022-12-09 13:00:22;HTTP Scrapper|Maltiverse|2022-11-07 01:24:08|2022-12-05 15:54:08;Hacking|Maltiverse|2022-11-06 23:25:19|2022-12-11 06:50:41;Malicious Host|Maltiverse|2022-11-06 23:25:19|2022-11-06 23:25:19;HTTP Attacker|Maltiverse|2022-10-31 20:11:59|2022-10-31 20:11:59;Port Scanner|Maltiverse|2022-10-31 15:02:58|2022-12-14 02:02:31;Malicious Host|CIArmy|2022-12-14 02:52:49|2024-04-17 01:59:46
ip,167.94.138.99,US,suspicious,Scanning IPs|Maltiverse|2022-01-28 02:28:00|2022-03-05 02:58:00;Unauthorized scanning of hosts|Blocklist.net.ua|2022-09-13 03:32:36|2023-09-03 05:57:05;Malicious Host|HoneyDB|2023-01-03 00:00:00|2023-12-04 00:00:00;Malicious Host|CIArmy|2022-04-27 03:54:01|2024-04-17 01:56:52
ip,18.171.55.48,GB,suspicious,Mail Spammer|Abuseat.org|2024-04-08 11:39:05|2024-04-08 11:39:05;ET CINS Active Threat Intelligence Poor Reputation IP TCP|Emerging Threats|2024-04-09 19:03:49|2024-04-14 18:48:29;ET CINS Active Threat Intelligence Poor Reputation IP UDP|Emerging Threats|2024-04-09 19:04:01|2024-04-16 19:08:11;Malicious Host|CIArmy|2024-04-08 11:39:03|2024-04-17 01:15:13
ip,104.140.188.30,US,malicious,HTTP Attacker|Blocklist.de|2021-11-26 00:47:53|2021-12-05 04:35:08;Telnet attacker|Greynoise|2019-07-02 00:00:00|2019-07-08 00:00:00;SNMP Attacker|Nothink.org|2019-08-27 02:50:02|2019-08-27 02:50:02;SIP Attacker|Blocklist.de|2019-10-28 00:49:58|2019-10-29 07:16:52;Bots|IBM X-Force Exchange|2019-06-07 05:27:00|2019-06-17 09:15:00;Scanning IPs|IBM X-Force Exchange|2019-06-07 10:04:00|2020-03-29 06:52:00;Mail Spammer|Abuseat.org|2020-04-04 00:51:01|2020-04-04 00:51:01;DDoS attack|Blocklist.net.ua|2020-04-04 00:30:00|2020-07-04 09:01:36;SSH Attacker|Blocklist.de|2019-10-14 00:56:06|2022-03-28 01:17:32;Malicious Host|Alienvault Ip Reputation Database|2019-06-14 00:26:12|2020-12-15 06:37:10;Mail Spammer|Blocklist.de|2021-01-27 09:35:30|2021-03-11 22:01:44;Malicious Host|HoneyDB|2019-07-08 00:00:00|2021-05-01 00:00:00;Unauthorized scanning of hosts|Blocklist.net.ua|2020-07-07 02:33:18|2021-05-25 06:30:49;ET CINS Active Threat Intelligence Poor Reputation IP TCP|Emerging Threats|2019-12-05 01:49:36|2024-03-03 14:10:02;ET CINS Active Threat Intelligence Poor Reputation IP UDP|Emerging Threats|2019-12-05 01:49:38|2024-03-03 14:10:10;Malicious Host|CIArmy|2019-06-13 07:28:36|2024-04-17 01:35:47
ip,79.124.59.254,BG,malicious,IMAP Attacker|Maltiverse|2023-05-19 21:11:04|2023-05-20 21:05:24;DDoS attack|Maltiverse|2023-05-18 16:51:53|2023-05-21 04:54:32;HTTP Scrapper|Maltiverse|2023-05-18 08:07:16|2023-05-18 08:07:16;HTTP Attacker|Maltiverse|2023-05-18 08:07:16|2023-05-19 13:25:39;Hacking|Maltiverse|2023-05-18 06:57:43|2023-05-21 07:18:36;Malicious Host|Maltiverse|2023-05-18 06:57:43|2023-05-21 06:49:04;SSH Attacker|Maltiverse|2023-05-12 08:44:53|2023-05-12 08:44:53;Port Scanner|Maltiverse|2023-05-05 15:20:40|2023-05-21 07:08:53;Bruteforce|Maltiverse|2023-04-28 07:02:51|2023-05-21 00:15:10;VPN|Maltiverse|2023-04-12 06:36:11|2023-04-12 06:36:11;ET CINS Active Threat Intelligence Poor Reputation IP TCP|Emerging Threats|2023-05-21 10:56:31|2024-04-16 19:40:31;ET CINS Active Threat Intelligence Poor Reputation IP UDP|Emerging Threats|2023-05-21 10:56:36|2024-04-16 19:40:43;Malicious Host|CIArmy|2023-05-21 07:29:16|2024-04-17 01:31:20
ip,104.140.188.22,US,malicious,HTTP Attacker|BadIPs|2019-06-16 06:51:34|2019-06-17 00:26:59;Telnet attacker|Greynoise|2019-06-28 00:00:00|2019-07-08 00:00:00;SNMP Attacker|Nothink.org|2019-08-29 02:35:16|2019-08-29 02:35:16;Scanning IPs|IBM X-Force Exchange|2019-06-06 11:02:00|2020-03-29 06:52:00;Mail Spammer|Abuseat.org|2020-04-04 00:52:43|2020-04-04 00:52:43;DDoS attack|Blocklist.net.ua|2020-04-25 02:19:25|2020-09-29 10:09:53;Malicious Host|Alienvault Ip Reputation Database|2019-06-14 00:26:12|2020-12-15 06:37:11;SIP Attacker|Blocklist.de|2021-02-20 09:59:14|2021-02-22 06:22:28;HTTP Attacker|Blocklist.de|2020-08-15 09:28:43|2021-12-17 01:08:38;SSH Attacker|Blocklist.de|2020-02-13 00:39:25|2022-08-19 02:08:36;Malicious Host|HoneyDB|2019-07-13 00:00:00|2021-11-08 00:00:00;Unauthorized scanning of hosts|Blocklist.net.ua|2020-10-02 01:54:14|2022-07-20 02:57:05;ET CINS Active Threat Intelligence Poor Reputation IP TCP|Emerging Threats|2019-12-05 01:49:36|2024-03-03 14:10:01;ET CINS Active Threat Intelligence Poor Reputation IP UDP|Emerging Threats|2019-12-05 01:49:38|2024-03-03 14:10:10;Malicious Host|CIArmy|2019-06-13 07:28:36|2024-04-17 01:35:46
ip,91.219.166.61,RU,suspicious,ET CINS Active Threat Intelligence Poor Reputation IP UDP|Emerging Threats|2023-05-16 11:22:45|2023-06-11 10:50:02;ET CINS Active Threat Intelligence Poor Reputation IP TCP|Emerging Threats|2023-05-16 11:22:39|2023-06-11 10:49:56;Malicious Host|CIArmy|2023-05-14 07:40:06|2024-01-07 08:35:32
ip,198.235.24.167,CA,malicious,IMAP Attacker|Maltiverse|2022-08-26 21:08:21|2022-08-27 21:09:08;HTTP Scrapper|Maltiverse|2022-08-22 21:46:52|2022-08-22 21:46:52;HTTP Attacker|Maltiverse|2022-08-22 21:46:52|2022-08-24 20:11:07;SIP Attacker|Maltiverse|2022-08-22 19:10:18|2022-08-22 19:10:18;SQL Injection|Maltiverse|2022-08-22 15:22:48|2022-08-22 15:22:48;SSH Attacker|Maltiverse|2022-08-21 04:51:21|2022-08-21 04:51:21;Bruteforce|Maltiverse|2022-08-19 15:59:09|2022-08-28 15:33:37;Malicious Host|Maltiverse|2022-08-19 15:59:09|2022-08-27 19:26:20;Port Scanner|Maltiverse|2022-08-19 00:04:37|2022-08-29 00:49:02;Hacking|Maltiverse|2022-08-19 00:04:37|2022-08-29 00:49:02;Unauthorized scanning of hosts|Blocklist.net.ua|2022-08-29 03:24:43|2023-04-27 05:21:12;Mail Spammer|Abuseat.org|2022-12-28 05:35:25|2022-12-28 18:00:13;SSH Attacker|Blocklist.de|2022-09-08 02:12:57|2024-02-08 03:25:01;Malicious Host|HoneyDB|2023-01-03 00:00:00|2024-04-11 00:00:00
ip,198.235.24.236,CA,suspicious,Mail Spammer|Abuseat.org|2023-04-23 10:49:37|2023-04-23 10:49:37;IMAP Attacker|Maltiverse|2023-04-21 21:08:36|2023-04-22 21:10:20;SSH Attacker|Maltiverse|2023-04-18 23:34:57|2023-04-18 23:34:57;DDoS attack|Maltiverse|2023-04-18 06:18:57|2023-04-22 05:22:47;HTTP Scrapper|Maltiverse|2023-04-18 03:20:04|2023-04-18 03:20:04;FTP Attacker|Maltiverse|2023-04-15 15:41:16|2023-04-16 16:41:16;Bruteforce|Maltiverse|2023-04-15 15:17:19|2023-04-22 21:10:20;Malicious Host|Maltiverse|2023-04-15 15:17:19|2023-04-23 09:54:13;HTTP Attacker|Maltiverse|2023-04-15 13:45:48|2023-04-23 01:05:28;Port Scanner|Maltiverse|2023-04-15 00:04:45|2023-04-23 10:04:00;Hacking|Maltiverse|2023-04-15 00:04:45|2023-04-23 04:55:57;SSH Attacker|Blocklist.de|2023-04-25 03:06:05|2023-12-31 03:22:37;Malicious Host|HoneyDB|2023-04-23 00:00:00|2024-02-16 00:00:00
ip,104.236.128.7,US,malicious,Malicious Host|HoneyDB|2023-01-04 00:00:00|2023-12-04 00:00:00;ET CINS Active Threat Intelligence Poor Reputation IP TCP|Emerging Threats|2022-12-28 21:03:12|2024-03-03 14:10:17;ET CINS Active Threat Intelligence Poor Reputation IP UDP|Emerging Threats|2022-12-28 21:03:17|2024-03-03 14:10:25;Malicious Host|CIArmy|2022-12-28 06:37:04|2024-04-17 01:36:14
ip,121.54.251.48,KR,malicious,Mail Spammer|Barracuda|2024-04-04 03:59:39|2024-04-04 03:59:39;Mail Spammer|Abuseat.org|2024-04-04 03:59:40|2024-04-04 03:59:40;SSH Attacker|Blocklist.de|2024-04-04 03:59:36|2024-04-05 04:00:16
ip,162.62.124.140,DE,malicious,Mail Spammer|Abuseat.org|2024-01-25 09:44:48|2024-01-25 09:44:48;Malicious Host|HoneyDB|2024-02-02 00:00:00|2024-02-02 00:00:00;Malicious Host|CIArmy|2024-01-25 09:44:47|2024-04-17 01:55:12
ip,198.235.24.123,CA,malicious,Mail Spammer|Blocklist.de|2023-08-11 03:15:06|2023-08-12 03:13:14;IMAP Attacker|Blocklist.de|2023-08-11 03:07:48|2023-08-12 03:05:33;Mail Spammer|Abuseat.org|2023-04-23 10:45:02|2023-04-23 10:45:02;IMAP Attacker|Maltiverse|2023-04-21 21:16:17|2023-04-22 21:10:02;IoT Attacker|Maltiverse|2023-04-19 22:17:47|2023-04-19 22:17:47;DDoS attack|Maltiverse|2023-04-18 06:18:50|2023-04-19 12:20:09;SSH Attacker|Maltiverse|2023-04-18 04:35:00|2023-04-21 23:19:38;HTTP Attacker|Maltiverse|2023-04-15 16:35:21|2023-04-23 07:13:09;Bruteforce|Maltiverse|2023-04-15 15:12:13|2023-04-23 03:59:08;Malicious Host|Maltiverse|2023-04-15 04:45:00|2023-04-23 04:35:41;Port Scanner|Maltiverse|2023-04-15 00:04:18|2023-04-23 10:03:35;Hacking|Maltiverse|2023-04-15 00:04:18|2023-04-23 07:31:39;SSH Attacker|Blocklist.de|2023-05-02 04:42:04|2024-03-09 03:48:10;Malicious Host|HoneyDB|2023-04-23 00:00:00|2024-04-11 00:00:00
ip,104.140.188.38,US,malicious,Malicious site|Hybrid-Analysis|2021-11-26 19:45:21|2021-11-26 19:45:21;HTTP Attacker|Blocklist.de|2021-11-24 00:35:21|2021-12-12 04:33:07;HTTP Attacker|BadIPs|2019-06-06 06:48:51|2019-06-07 00:13:03;SNMP Attacker|Nothink.org|2019-06-18 02:28:45|2019-06-18 02:28:45;HTTP flood requests to the websites|Blocklist.net.ua|2019-09-02 07:23:54|2019-12-03 07:22:43;Scanning IPs|IBM X-Force Exchange|2019-06-10 07:09:00|2020-03-29 06:52:00;Mail Spammer|Abuseat.org|2020-04-04 00:57:48|2020-04-04 00:57:48;DDoS attack|Blocklist.net.ua|2020-04-15 01:21:10|2020-07-15 09:12:30;SIP Attacker|Blocklist.de|2020-10-07 02:49:58|2020-10-08 09:53:51;Malicious Host|Alienvault Ip Reputation Database|2019-06-14 00:26:12|2020-12-15 06:37:10;SSH Attacker|Blocklist.de|2020-11-08 01:44:44|2022-08-15 02:04:59;Malicious Host|HoneyDB|2019-07-08 00:00:00|2022-01-19 00:00:00;Unauthorized scanning of hosts|Blocklist.net.ua|2020-07-17 03:09:13|2021-05-25 06:30:49;ET CINS Active Threat Intelligence Poor Reputation IP TCP|Emerging Threats|2019-12-05 01:49:36|2024-03-03 14:10:02;ET CINS Active Threat Intelligence Poor Reputation IP UDP|Emerging Threats|2019-12-05 01:49:38|2024-03-03 14:10:10;Malicious Host|CIArmy|2019-06-13 07:28:36|2024-04-17 01:35:47
ip,80.75.212.75,IN,malicious,Mail Spammer|Abuseat.org|2024-02-17 15:38:46|2024-02-17 15:38:46;ET CINS Active Threat Intelligence Poor Reputation IP TCP|Emerging Threats|2024-02-24 14:17:08|2024-04-16 19:40:42;ET CINS Active Threat Intelligence Poor Reputation IP UDP|Emerging Threats|2024-02-24 14:17:16|2024-04-16 19:40:54;Malicious Host|CIArmy|2024-02-17 15:38:41|2024-04-17 01:31:31;Malicious Host|HoneyDB|2024-04-16 00:00:00|2024-04-16 00:00:00
ip,206.168.34.164,US,suspicious,Mail Spammer|Abuseat.org|2024-03-29 12:42:43|2024-03-29 12:42:43;Malicious Host|HoneyDB|2024-03-31 00:00:00|2024-03-31 00:00:00;Malicious Host|CIArmy|2024-03-29 12:42:41|2024-04-17 02:10:00
ip,185.255.112.230,FR,malicious,Mail Spammer|Abuseat.org|2024-04-13 12:29:54|2024-04-13 12:29:54;Malicious Host|CIArmy|2024-04-13 12:29:50|2024-04-17 02:02:31
ip,210.211.97.5,VN,malicious,Unauthorized scanning of hosts|Blocklist.net.ua|2022-07-20 03:40:50|2022-09-13 04:01:00;Malicious Host|CIArmy|2022-08-01 03:41:39|2024-04-17 02:10:34
ip,167.94.138.131,US,suspicious,Unauthorized scanning of hosts|Blocklist.net.ua|2022-09-13 03:32:37|2023-09-03 05:57:07;Malicious Host|HoneyDB|2023-02-17 00:00:00|2024-03-31 00:00:00;Malicious Host|CIArmy|2022-04-27 03:53:53|2024-04-17 01:56:44
ip,51.159.23.43,FR,suspicious,Mail Spammer|Abuseat.org|2024-03-22 00:24:46|2024-03-22 00:24:46
ip,193.163.125.235,GB,suspicious,HTTP Attacker|Blocklist.de|2021-12-03 04:43:14|2021-12-03 04:43:14;Malicious Host|CIArmy|2021-07-04 02:52:36|2022-09-13 04:22:23;Unauthorized scanning of hosts|Blocklist.net.ua|2022-07-20 03:37:19|2023-09-01 06:50:03
ip,206.168.34.154,US,suspicious,Mail Spammer|Abuseat.org|2024-03-29 12:42:40|2024-03-29 12:42:40;Malicious Host|CIArmy|2024-03-29 12:42:39|2024-04-17 02:09:58
ip,167.94.138.147,US,suspicious,Unauthorized scanning of hosts|Blocklist.net.ua|2022-07-14 02:36:02|2023-09-03 05:57:08;Malicious Host|HoneyDB|2024-01-01 00:00:00|2024-02-01 00:00:00;Malicious Host|CIArmy|2022-04-27 03:53:57|2024-04-17 01:56:47
ip,93.90.72.180,TW,malicious,ET CINS Active Threat Intelligence Poor Reputation IP TCP|Emerging Threats|2023-01-14 08:56:25|2024-03-03 14:07:51;ET CINS Active Threat Intelligence Poor Reputation IP UDP|Emerging Threats|2023-01-14 08:56:31|2024-03-03 14:07:59;Malicious Host|CIArmy|2023-01-12 06:05:05|2024-04-17 01:33:06
ip,188.92.75.248,LV,malicious,Malicious host|Darklist|2019-01-14 07:32:58|2019-01-14 07:32:58;SSH Attacker|Nothink.org|2019-02-19 09:03:26|2019-02-19 09:03:26;SIP Attacker|Blocklist.de|2019-05-26 02:23:45|2019-06-01 08:34:26;SSH Attacker|Greynoise|2019-05-13 00:00:00|2019-07-23 00:00:00;Malicious site|Hybrid-Analysis|2019-08-18 07:15:05|2019-08-18 07:15:05;ET COMPROMISED Known Compromised or Hostile Host Traffic TCP|Emerging Threats|2019-01-05 08:07:43|2019-08-30 01:44:33;ET COMPROMISED Known Compromised or Hostile Host Traffic UDP|Emerging Threats|2019-01-05 08:07:43|2019-08-30 08:07:02;HTTP Attacker|Blocklist.de|2019-07-30 06:52:42|2019-08-31 06:55:32;Bruteforce login attacker|Blocklist.de|2019-07-30 06:55:57|2019-08-31 06:58:59;FTP Attacker|Blocklist.de|2019-05-17 00:43:08|2019-10-26 00:43:10;Bots|IBM X-Force Exchange|2015-05-13 09:34:00|2015-05-18 01:18:00;Scanning IPs|IBM X-Force Exchange|2019-02-06 13:34:00|2020-03-23 10:55:00;SSH Attacker|Blocklist.net.ua|2019-01-11 07:13:01|2020-08-10 10:19:08;SSH Attacker|Blocklist.de|2019-01-03 07:11:20|2020-08-12 02:01:49;Malicious Host|Alienvault Ip Reputation Database|2019-08-17 00:22:00|2020-10-15 06:26:12;Malicious Host|CIArmy|2019-08-16 07:27:38|2021-12-29 01:46:45;Malicious Host|HoneyDB|2019-07-12 00:00:00|2024-04-16 00:00:00
ip,45.43.63.219,SG,malicious,Mail Spammer|Abuseat.org|2023-12-07 08:12:54|2023-12-07 08:12:54;ET CINS Active Threat Intelligence Poor Reputation IP TCP|Emerging Threats|2023-12-08 13:25:23|2024-04-16 19:21:15;ET CINS Active Threat Intelligence Poor Reputation IP UDP|Emerging Threats|2023-12-08 13:25:31|2024-04-16 19:21:27;Malicious Host|CIArmy|2023-12-07 08:10:13|2024-04-17 01:21:48
ip,193.163.125.249,DK,suspicious,Unauthorized scanning of hosts|Blocklist.net.ua|2022-07-20 03:37:19|2022-09-13 03:51:43;HTTP Attacker|Blocklist.de|2021-12-05 04:36:55|2021-12-06 04:55:33;Malicious Host|CIArmy|2021-07-04 02:52:41|2022-10-20 02:59:35
ip,85.208.214.86,JP,malicious,Malicious Host|HoneyDB|2023-04-24 00:00:00|2023-08-22 00:00:00;Mail Spammer|Blocklist.de|2024-02-25 03:02:42|2024-02-26 03:06:41;ET CINS Active Threat Intelligence Poor Reputation IP TCP|Emerging Threats|2022-09-17 02:55:42|2024-03-08 14:19:35;ET CINS Active Threat Intelligence Poor Reputation IP UDP|Emerging Threats|2022-09-17 02:55:44|2024-03-08 14:19:43;Malicious Host|CIArmy|2022-09-15 03:37:45|2024-04-17 01:32:11
ip,206.168.34.158,US,suspicious,Mail Spammer|Abuseat.org|2024-03-29 12:42:41|2024-03-29 12:42:41;Malicious Host|CIArmy|2024-03-29 12:42:40|2024-04-17 02:09:59
ip,164.92.233.138,DE,malicious,Mail Spammer|Abuseat.org|2024-04-15 12:01:37|2024-04-15 12:01:37;Malicious Host|CIArmy|2024-04-15 12:01:32|2024-04-17 01:55:22
ip,78.128.114.2,BG,malicious,Malicious Host|HoneyDB|2023-03-12 00:00:00|2023-10-08 00:00:00;ET CINS Active Threat Intelligence Poor Reputation IP TCP|Emerging Threats|2024-02-24 14:16:21|2024-04-16 19:40:09;ET CINS Active Threat Intelligence Poor Reputation IP UDP|Emerging Threats|2024-02-24 14:16:29|2024-04-16 19:40:21;Malicious Host|CIArmy|2024-02-16 09:33:08|2024-04-17 01:31:12
ip,47.98.248.172,CN,malicious,Mail Spammer|Abuseat.org|2024-01-12 09:17:53|2024-01-12 09:17:53;Malicious Host|HoneyDB|2024-03-28 00:00:00|2024-04-11 00:00:00;ET CINS Active Threat Intelligence Poor Reputation IP TCP|Emerging Threats|2024-01-13 15:07:43|2024-04-16 19:29:41;ET CINS Active Threat Intelligence Poor Reputation IP UDP|Emerging Threats|2024-01-13 15:07:52|2024-04-16 19:29:53;Malicious Host|CIArmy|2024-01-12 09:17:53|2024-04-17 01:25:55
ip,147.182.208.154,US,malicious,Mail Spammer|Abuseat.org|2024-04-15 11:55:13|2024-04-15 11:55:13;Malicious Host|CIArmy|2024-04-15 11:55:11|2024-04-17 01:49:23
ip,198.235.24.91,CA,malicious,Mail Spammer|Abuseat.org|2023-04-23 10:46:27|2023-04-23 10:46:27;IMAP Attacker|Maltiverse|2023-04-22 21:11:02|2023-04-22 21:11:02;SSH Attacker|Maltiverse|2023-04-20 02:40:06|2023-04-23 07:03:28;DDoS attack|Maltiverse|2023-04-18 01:18:41|2023-04-22 05:22:46;Malicious Host|Maltiverse|2023-04-17 16:24:58|2023-04-22 18:25:05;HTTP Attacker|Maltiverse|2023-04-15 01:57:56|2023-04-23 09:15:34;Hacking|Maltiverse|2023-04-14 23:59:31|2023-04-23 04:08:39;Bruteforce|Maltiverse|2023-04-14 23:59:31|2023-04-23 07:03:28;Port Scanner|Maltiverse|2023-04-14 23:59:30|2023-04-23 10:03:37;Malicious Host|HoneyDB|2023-04-23 00:00:00|2024-04-12 00:00:00;SSH Attacker|Blocklist.de|2023-05-25 04:55:59|2024-04-12 04:43:15
ip,207.90.244.14,US,malicious,Malicious URL|Hybrid-Analysis|2023-08-18 09:00:03|2023-08-18 09:00:03;Mail Spammer|Abuseat.org|2023-06-27 09:12:54|2023-06-27 09:12:54;Malicious Host|Maltiverse|2023-06-27 05:23:21|2023-06-27 06:22:23;Bruteforce|Maltiverse|2023-06-27 03:32:29|2023-06-27 03:32:29;Hacking|Maltiverse|2023-06-27 02:45:22|2023-06-27 07:31:38;Port Scanner|Maltiverse|2023-06-27 00:02:43|2023-06-27 09:03:35;FTP Attacker|Blocklist.de|2024-02-18 02:24:24|2024-02-19 02:20:59;SSH Attacker|Blocklist.de|2023-08-26 03:42:02|2024-03-19 04:23:45;IMAP Attacker|Blocklist.de|2023-08-24 02:56:04|2024-03-29 03:03:45;Mail Spammer|Blocklist.de|2023-08-24 03:03:12|2024-03-29 03:25:05;Malicious Host|HoneyDB|2023-07-05 00:00:00|2024-04-11 00:00:00;Malicious Host|CIArmy|2023-06-27 09:12:54|2024-04-17 02:10:22
ip,167.94.145.19,US,suspicious,HTTP Attacker|Blocklist.de|2021-12-03 04:40:16|2021-12-03 04:40:16;Unauthorized scanning of hosts|Blocklist.net.ua|2022-08-29 03:05:34|2023-04-27 04:44:11;Malicious Host|CIArmy|2021-11-20 00:45:07|2024-04-17 01:56:53
ip,45.57.41.1,US,whitelist,Anonymizer|FireHol|2022-12-29 07:24:17|2022-12-29 18:46:20;Proxy|FireHOL|2022-12-31 18:52:02|2024-03-31 00:31:00
ip,132.148.76.25,US,malicious,Malicious Host|Maltiverse|2022-11-25 16:59:23|2023-01-23 07:56:54;SSH Attacker|Maltiverse|2022-11-24 17:00:01|2022-11-29 04:35:32;Hacking|Maltiverse|2022-11-24 12:22:42|2023-01-25 05:31:26;HTTP Scrapper|Maltiverse|2022-11-24 12:22:42|2022-11-24 15:39:08;HTTP Attacker|Maltiverse|2022-10-29 14:28:02|2022-11-24 15:39:08;Bruteforce|Maltiverse|2022-10-28 17:13:03|2023-01-25 05:31:26;Port Scanner|Maltiverse|2022-10-28 14:41:39|2023-01-25 05:13:08;Malicious URL|Hybrid-Analysis|2024-01-11 07:21:50|2024-01-11 07:21:50;Malicious Host|CIArmy|2023-01-25 06:48:02|2024-04-17 01:46:59
ip,185.94.111.1,RU,malicious,Malicious host|IBM X-Force Exchange|2017-12-10 17:30:05|2017-12-10 17:30:05;SNMP Attacker|Nothink.org|2017-12-26 15:28:07|2017-12-26 15:28:07;HTTP Attacker|Blocklist.de|2018-02-22 11:28:12|2018-02-22 11:28:12;Malicious Host|GreenSnow|2017-11-11 13:54:29|2018-06-20 22:20:00;Parasite network traffic|Blocklist.net.ua|2019-03-22 07:26:11|2019-09-23 00:55:10;HTTP flood requests to the websites|Blocklist.net.ua|2019-10-03 07:20:14|2019-10-04 00:52:05;Spam|IBM X-Force Exchange|2015-10-06 13:45:00|2015-11-16 12:05:00;Malware|IBM X-Force Exchange|2016-08-22 08:21:00|2018-04-10 16:09:00;Scanning IPs|IBM X-Force Exchange|2015-04-13 17:06:00|2020-03-29 06:52:00;DDoS attack|Blocklist.net.ua|2019-10-05 00:46:04|2020-06-14 08:42:20;Malicious Host|Alienvault Ip Reputation Database|2017-10-15 12:07:55|2020-12-15 06:36:34;Unauthorized scanning of hosts|Blocklist.net.ua|2020-07-03 02:32:41|2023-04-21 07:16:53;Malicious Host|CIArmy|2017-11-11 22:36:14|2024-04-17 02:02:38;Malicious Host|HoneyDB|2019-07-09 00:00:00|2024-04-17 00:00:00
ip,74.80.24.70,US,malicious,Mail Spammer|Abuseat.org|2023-03-12 13:50:48|2023-03-12 13:50:48;Malicious Host|HoneyDB|2023-03-11 00:00:00|2024-04-12 00:00:00
ip,206.168.34.160,US,suspicious,Mail Spammer|Abuseat.org|2024-03-29 12:42:42|2024-03-29 12:42:42;Malicious Host|CIArmy|2024-03-29 12:42:40|2024-04-17 02:09:59
ip,123.58.215.102,HK,malicious,Mail Spammer|Abuseat.org|2024-01-07 08:44:29|2024-01-07 08:44:29;Malicious Host|HoneyDB|2024-02-17 00:00:00|2024-02-17 00:00:00;SSH Attacker|Blocklist.de|2024-03-04 03:29:16|2024-03-29 04:24:07;Malicious Host|CIArmy|2024-01-07 08:44:28|2024-04-17 01:45:27
